-- MySQL dump 10.13  Distrib 5.5.27, for Win64 (x86)
--
-- Host: localhost    Database: rs_report
-- ------------------------------------------------------
-- Server version	5.5.27

/*!40101 SET @OLD_CHARACTER_SET_CLIENT=@@CHARACTER_SET_CLIENT */;
/*!40101 SET @OLD_CHARACTER_SET_RESULTS=@@CHARACTER_SET_RESULTS */;
/*!40101 SET @OLD_COLLATION_CONNECTION=@@COLLATION_CONNECTION */;
/*!40101 SET NAMES utf8 */;
/*!40103 SET @OLD_TIME_ZONE=@@TIME_ZONE */;
/*!40103 SET TIME_ZONE='+00:00' */;
/*!40014 SET @OLD_UNIQUE_CHECKS=@@UNIQUE_CHECKS, UNIQUE_CHECKS=0 */;
/*!40014 SET @OLD_FOREIGN_KEY_CHECKS=@@FOREIGN_KEY_CHECKS, FOREIGN_KEY_CHECKS=0 */;
/*!40101 SET @OLD_SQL_MODE=@@SQL_MODE, SQL_MODE='NO_AUTO_VALUE_ON_ZERO' */;
/*!40111 SET @OLD_SQL_NOTES=@@SQL_NOTES, SQL_NOTES=0 */;

--
-- Table structure for table `code_area`
--

DROP TABLE IF EXISTS `code_area`;
/*!40101 SET @saved_cs_client     = @@character_set_client */;
/*!40101 SET character_set_client = utf8 */;
CREATE TABLE `code_area` (
  `id` int(11) NOT NULL AUTO_INCREMENT,
  `code` varchar(20) DEFAULT NULL,
  `prov_name` varchar(50) DEFAULT NULL,
  `city_name` varchar(50) DEFAULT NULL,
  PRIMARY KEY (`id`)
) ENGINE=InnoDB AUTO_INCREMENT=893 DEFAULT CHARSET=utf8;
/*!40101 SET character_set_client = @saved_cs_client */;

--
-- Dumping data for table `code_area`
--

LOCK TABLES `code_area` WRITE;
/*!40000 ALTER TABLE `code_area` DISABLE KEYS */;
INSERT INTO `code_area` VALUES (447,'neimenggu','内蒙古','呼和浩特市'),(448,'neimenggu','内蒙古','兴安盟'),(449,'neimenggu','内蒙古','乌海市'),(450,'neimenggu','内蒙古','呼伦贝尔市'),(451,'neimenggu','内蒙古','赤峰市'),(452,'neimenggu','内蒙古','通辽市'),(453,'neimenggu','内蒙古','包头市'),(454,'neimenggu','内蒙古','巴彦淖尔市'),(455,'neimenggu','内蒙古','阿拉善盟'),(456,'neimenggu','内蒙古','鄂尔多斯市'),(457,'neimenggu','内蒙古','乌兰察布市'),(458,'neimenggu','内蒙古','锡林郭勒盟'),(459,'beijing','北京','东城区'),(460,'tianjin','天津','和平区'),(461,'shandong','山东','烟台市'),(462,'shandong','山东','东营市'),(463,'shandong','山东','菏泽市'),(464,'shandong','山东','临沂市'),(465,'shandong','山东','聊城市'),(466,'shandong','山东','德州市'),(467,'shandong','山东','济南市'),(468,'shandong','山东','淄博市'),(469,'shandong','山东','青岛市'),(470,'shandong','山东','枣庄市'),(471,'shandong','山东','滨州市'),(472,'shandong','山东','莱芜市'),(473,'shandong','山东','日照市'),(474,'shandong','山东','威海市'),(475,'shandong','山东','济宁市'),(476,'shandong','山东','泰安市'),(477,'shandong','山东','潍坊市'),(478,'hebei','河北','秦皇岛市'),(479,'hebei','河北','石家庄市'),(480,'hebei','河北','唐山市'),(481,'hebei','河北','衡水市'),(482,'hebei','河北','邯郸市'),(483,'hebei','河北','廊坊市'),(484,'hebei','河北','沧州市'),(485,'hebei','河北','张家口市'),(486,'hebei','河北','承德市'),(487,'hebei','河北','保定市'),(488,'hebei','河北','邢台市'),(489,'shanxi','山西','太原市'),(490,'shanxi','山西','临汾市'),(491,'shanxi','山西','晋中市'),(492,'shanxi','山西','吕梁市'),(493,'shanxi','山西','忻州市'),(494,'shanxi','山西','晋城市'),(495,'shanxi','山西','朔州市'),(496,'shanxi','山西','长治市'),(497,'shanxi','山西','阳泉市'),(498,'shanxi','山西','大同市'),(499,'shanxi','山西','运城市'),(500,'anhui','安徽','芜湖市'),(501,'anhui','安徽','合肥市'),(502,'anhui','安徽','蚌埠市'),(503,'anhui','安徽','亳州市'),(504,'anhui','安徽','池州市'),(505,'anhui','安徽','巢湖市'),(506,'anhui','安徽','宣城市'),(507,'anhui','安徽','六安市'),(508,'anhui','安徽','宿州市'),(509,'anhui','安徽','滁州市'),(510,'anhui','安徽','阜阳市'),(511,'anhui','安徽','黄山市'),(512,'anhui','安徽','安庆市'),(513,'anhui','安徽','铜陵市'),(514,'anhui','安徽','马鞍山市'),(515,'anhui','安徽','淮北市'),(516,'anhui','安徽','淮南市'),(517,'shanghai','上海','黄浦区'),(518,'jiangsu','江苏','南京市'),(519,'jiangsu','江苏','无锡市'),(520,'jiangsu','江苏','扬州市'),(521,'jiangsu','江苏','盐城市'),(522,'jiangsu','江苏','宿迁市'),(523,'jiangsu','江苏','淮安市'),(524,'jiangsu','江苏','连云港市'),(525,'jiangsu','江苏','南通市'),(526,'jiangsu','江苏','苏州市'),(527,'jiangsu','江苏','徐州市'),(528,'jiangsu','江苏','常州市'),(529,'jiangsu','江苏','镇江市'),(530,'jiangsu','江苏','泰州市'),(531,'zhejiang','浙江','湖州市'),(532,'zhejiang','浙江','杭州市'),(533,'zhejiang','浙江','嘉兴市'),(534,'zhejiang','浙江','宁波市'),(535,'zhejiang','浙江','温州市'),(536,'zhejiang','浙江','绍兴市'),(537,'zhejiang','浙江','台州市'),(538,'zhejiang','浙江','舟山市'),(539,'zhejiang','浙江','丽水市'),(540,'zhejiang','浙江','金华市'),(541,'zhejiang','浙江','衢州市'),(542,'fujian','福建','福州市'),(543,'fujian','福建','厦门市'),(544,'fujian','福建','三明市'),(545,'fujian','福建','南平市'),(546,'fujian','福建','漳州市'),(547,'fujian','福建','泉州市'),(548,'fujian','福建','宁德市'),(549,'fujian','福建','莆田市'),(550,'fujian','福建','龙岩市'),(551,'hainan','海南','三亚市'),(552,'hainan','海南','海口市'),(553,'hainan','海南','儋州市'),(554,'guangdong','广东','广州'),(555,'guangdong','广东','韶关'),(556,'guangdong','广东','揭阳'),(557,'guangdong','广东','潮州'),(558,'guangdong','广东','中山'),(559,'guangdong','广东','东莞'),(560,'guangdong','广东','清远'),(561,'guangdong','广东','阳江'),(562,'guangdong','广东','河源'),(563,'guangdong','广东','汕尾'),(564,'guangdong','广东','梅州'),(565,'guangdong','广东','惠州'),(566,'guangdong','广东','云浮'),(567,'guangdong','广东','肇庆'),(568,'guangdong','广东','茂名'),(569,'guangdong','广东','湛江'),(570,'guangdong','广东','佛山'),(571,'guangdong','广东','江门'),(572,'guangdong','广东','珠海'),(573,'guangdong','广东','汕头'),(574,'guangdong','广东','深圳'),(575,'guangxi','广西','南宁市'),(576,'guangxi','广西','柳州市'),(577,'guangxi','广西','梧州市'),(578,'guangxi','广西','玉林市'),(579,'guangxi','广西','北海市'),(580,'guangxi','广西','防城港市'),(581,'guangxi','广西','桂林市'),(582,'guangxi','广西','百色市'),(583,'guangxi','广西','崇左市'),(584,'guangxi','广西','贺州市'),(585,'guangxi','广西','来宾市'),(586,'guangxi','广西','贵港市'),(587,'guangxi','广西','钦州市'),(588,'guangxi','广西','河池市'),(589,'qinghai','青海','西宁市'),(590,'qinghai','青海','海北藏族自治州'),(591,'qinghai','青海','海东市'),(592,'qinghai','青海','黄南藏族自治州'),(593,'qinghai','青海','海南藏族自治州'),(594,'qinghai','青海','果洛藏族自治州'),(595,'qinghai','青海','海西蒙古族藏族自治州'),(596,'qinghai','青海','玉树藏族自治州'),(597,'qinghai','青海','格尔木市 '),(598,'hubei','湖北','宜昌市'),(599,'hubei','湖北','武汉市'),(600,'hubei','湖北','襄樊市'),(601,'hubei','湖北','黄石市'),(602,'hubei','湖北','恩施市'),(603,'hubei','湖北','十堰市'),(604,'hubei','湖北','仙桃市'),(605,'hubei','湖北','荆州市'),(606,'hubei','湖北','黄冈市'),(607,'hubei','湖北','咸宁市'),(608,'hubei','湖北','孝感市'),(609,'hubei','湖北','荆门市'),(610,'hubei','湖北','鄂州市'),(611,'hubei','湖北','随州市'),(612,'hunan','湖南','长沙市'),(613,'hunan','湖南','衡阳市'),(614,'hunan','湖南','株洲市'),(615,'hunan','湖南','常德市'),(616,'hunan','湖南','岳阳市'),(617,'hunan','湖南','邵阳市'),(618,'hunan','湖南','张家界市'),(619,'hunan','湖南','湘潭市'),(620,'hunan','湖南','娄底市'),(621,'hunan','湖南','湘西自治'),(622,'hunan','湖南','永州市'),(623,'hunan','湖南','怀化市'),(624,'hunan','湖南','益阳市'),(625,'hunan','湖南','郴州市'),(626,'jiangxi','江西','萍乡市'),(627,'jiangxi','江西','南昌市'),(628,'jiangxi','江西','新余市'),(629,'jiangxi','江西','鹰潭市'),(630,'jiangxi','江西','景德镇市'),(631,'jiangxi','江西','九江市'),(632,'jiangxi','江西','抚州市'),(633,'jiangxi','江西','赣州市'),(634,'jiangxi','江西','上饶市'),(635,'jiangxi','江西','吉安市'),(636,'jiangxi','江西','宜春市'),(637,'henan','河南','郑州市'),(638,'henan','河南','开封市'),(639,'henan','河南','洛阳市'),(640,'henan','河南','平顶山市'),(641,'henan','河南','商丘市'),(642,'henan','河南','漯河市'),(643,'henan','河南','三门峡市'),(644,'henan','河南','许昌市'),(645,'henan','河南','焦作市'),(646,'henan','河南','濮阳市'),(647,'henan','河南','新乡市'),(648,'henan','河南','鹤壁市'),(649,'henan','河南','信阳市'),(650,'henan','河南','安阳市'),(651,'henan','河南','南阳市'),(652,'henan','河南','驻马店市'),(653,'henan','河南','周口市'),(654,'xizang','西藏','拉萨市'),(655,'xizang','西藏','山南地区'),(656,'xizang','西藏','昌都市'),(657,'xizang','西藏','那曲地区'),(658,'xizang','西藏','日喀则市'),(659,'xizang','西藏','林芝市'),(660,'xizang','西藏','阿里地区'),(661,'sichuan','四川','成都市'),(662,'sichuan','四川','自贡市'),(663,'sichuan','四川','攀枝花市'),(664,'sichuan','四川','德阳市'),(665,'sichuan','四川','泸州市'),(666,'sichuan','四川','广元市'),(667,'sichuan','四川','绵阳市'),(668,'sichuan','四川','遂宁市'),(669,'sichuan','四川','内江市'),(670,'sichuan','四川','乐山市'),(671,'sichuan','四川','宜宾市'),(672,'sichuan','四川','南充市'),(673,'sichuan','四川','达州市'),(674,'sichuan','四川','雅安市'),(675,'sichuan','四川','甘孜'),(676,'sichuan','四川','阿坝'),(677,'sichuan','四川','凉山'),(678,'sichuan','四川','广安市'),(679,'sichuan','四川','巴中市'),(680,'sichuan','四川','眉山市'),(681,'sichuan','四川','资阳市'),(682,'chongqing','重庆','万州区'),(683,'shanxi1','陕西','西安市'),(684,'shanxi1','陕西','宝鸡市'),(685,'shanxi1','陕西','铜川市'),(686,'shanxi1','陕西','咸阳市'),(687,'shanxi1','陕西','渭南市'),(688,'shanxi1','陕西','汉中市'),(689,'shanxi1','陕西','安康市'),(690,'shanxi1','陕西','延安市'),(691,'shanxi1','陕西','商洛市'),(692,'shanxi1','陕西','榆林市'),(693,'guizhou','贵州','六盘水市'),(694,'guizhou','贵州','贵阳市'),(695,'guizhou','贵州','遵义市'),(696,'guizhou','贵州','铜仁市'),(697,'guizhou','贵州','黔西南'),(698,'guizhou','贵州','安顺市'),(699,'guizhou','贵州','毕节市'),(700,'guizhou','贵州','黔东南'),(701,'guizhou','贵州','黔南'),(702,'yunnan','云南','昆明市'),(703,'yunnan','云南','曲靖市'),(704,'yunnan','云南','昭通市'),(705,'yunnan','云南','楚雄彝族自治州'),(706,'yunnan','云南','红河哈尼族彝族自治州'),(707,'yunnan','云南','玉溪市'),(708,'yunnan','云南','普洱市'),(709,'yunnan','云南','文山壮族苗族自治州'),(710,'yunnan','云南','西双版纳傣族自治州'),(711,'yunnan','云南','大理白族自治州'),(712,'yunnan','云南','保山市'),(713,'yunnan','云南','德宏傣族景颇族自治州'),(714,'yunnan','云南','丽江市'),(715,'yunnan','云南','迪庆'),(716,'yunnan','云南','怒江'),(717,'yunnan','云南','临沧市'),(718,'gansu','甘肃','兰州市'),(719,'gansu','甘肃','嘉峪关市'),(720,'gansu','甘肃','白银市'),(721,'gansu','甘肃','金昌市'),(722,'gansu','甘肃','天水市'),(723,'gansu','甘肃','酒泉市'),(724,'gansu','甘肃','张掖市'),(725,'gansu','甘肃','武威市'),(726,'gansu','甘肃','定西市'),(727,'gansu','甘肃','陇南市'),(728,'gansu','甘肃','平凉市'),(729,'gansu','甘肃','临夏回族自治州'),(730,'gansu','甘肃','庆阳市'),(731,'gansu','甘肃','甘南藏族自治州'),(732,'ningxia','宁夏','银川市'),(733,'ningxia','宁夏','石嘴山市'),(734,'ningxia','宁夏','固原市'),(735,'ningxia','宁夏','吴忠'),(736,'ningxia','宁夏','中卫'),(737,'xinjiang','新疆','乌鲁木齐市'),(738,'xinjiang','新疆','博州'),(739,'xinjiang','新疆','克拉玛依市'),(740,'xinjiang','新疆','伊犁'),(741,'xinjiang','新疆','巴州'),(742,'xinjiang','新疆','克州'),(743,'xinjiang','新疆','吐鲁番市'),(744,'xinjiang','新疆','哈密市'),(745,'xinjiang','新疆','阿克苏市'),(746,'xinjiang','新疆','昌吉市'),(747,'xinjiang','新疆','和田市'),(748,'xinjiang','新疆','喀什市'),(749,'xinjiang','新疆','奎屯市'),(750,'xinjiang','新疆','塔城市'),(751,'xinjiang','新疆','阿勒泰市'),(752,'xinjiang','新疆','石河子市'),(753,'jilin','吉林','长春市'),(754,'jilin','吉林','吉林市'),(755,'jilin','吉林','辽源市'),(756,'jilin','吉林','松原市'),(757,'jilin','吉林','白山市'),(758,'jilin','吉林','通化市'),(759,'jilin','吉林','四平市'),(760,'jilin','吉林','白城市'),(761,'jilin','吉林','延边自治'),(762,'liaoning','辽宁','沈阳市'),(763,'liaoning','辽宁','鞍山市'),(764,'liaoning','辽宁','大连市'),(765,'liaoning','辽宁','朝阳市'),(766,'liaoning','辽宁','葫芦岛市'),(767,'liaoning','辽宁','盘锦市'),(768,'liaoning','辽宁','铁岭市'),(769,'liaoning','辽宁','辽阳市'),(770,'liaoning','辽宁','营口市'),(771,'liaoning','辽宁','阜新市'),(772,'liaoning','辽宁','丹东市'),(773,'liaoning','辽宁','锦州市'),(774,'liaoning','辽宁','本溪市'),(775,'liaoning','辽宁','抚顺市'),(776,'heilongjiang','黑龙江','鸡西市'),(777,'heilongjiang','黑龙江','哈尔滨市'),(778,'heilongjiang','黑龙江','大庆市'),(779,'heilongjiang','黑龙江','双鸭山市'),(780,'heilongjiang','黑龙江','鹤岗市'),(781,'heilongjiang','黑龙江','齐齐哈尔'),(782,'heilongjiang','黑龙江','伊春市'),(783,'heilongjiang','黑龙江','绥化市'),(784,'heilongjiang','黑龙江','大兴安岭'),(785,'heilongjiang','黑龙江','黑河市'),(786,'heilongjiang','黑龙江','牡丹江'),(787,'heilongjiang','黑龙江','七台河市'),(788,'heilongjiang','黑龙江','佳木斯市'),(789,'xianggang','香港','香港'),(790,'henan','河南','济源市'),(791,'hubei','湖北','神农架'),(792,'hubei','湖北','天门市'),(793,'hubei','湖北','潜江市'),(794,'hainan','海南','五指山市'),(795,'hainan','海南','琼海市'),(796,'hainan','海南','文昌市'),(797,'hainan','海南','万宁市'),(798,'hainan','海南','东方市'),(799,'hainan','海南','定安县'),(800,'hainan','海南','屯昌县'),(801,'hainan','海南','澄迈县'),(802,'hainan','海南','临高县'),(803,'hainan','海南','白沙自治'),(804,'hainan','海南','昌江自治'),(805,'hainan','海南','乐东自治'),(806,'hainan','海南','陵水自治'),(807,'hainan','海南','保亭自治'),(808,'hainan','海南','琼中自治'),(809,'xinjiang','新疆','阿拉尔市'),(810,'xinjiang','新疆','图木舒克市'),(811,'xinjiang','新疆','五家渠市'),(812,'beijing','北京','西城区'),(813,'beijing','北京','朝阳区'),(814,'beijing','北京','丰台区'),(815,'beijing','北京','石景山区'),(816,'beijing','北京','海淀区'),(817,'beijing','北京','门头沟区'),(818,'beijing','北京','房山区'),(819,'beijing','北京','通州区'),(820,'beijing','北京','顺义区'),(821,'beijing','北京','昌平区'),(822,'beijing','北京','大兴区'),(823,'beijing','北京','怀柔区'),(824,'beijing','北京','平谷区'),(825,'beijing','北京','密云县'),(826,'beijing','北京','延庆县'),(827,'shanghai','上海','徐汇区'),(828,'shanghai','上海','长宁区'),(829,'shanghai','上海','静安区'),(830,'shanghai','上海','普陀区'),(831,'shanghai','上海','虹口区'),(832,'shanghai','上海','杨浦区'),(833,'shanghai','上海','闵行区'),(834,'shanghai','上海','宝山区'),(835,'shanghai','上海','嘉定区'),(836,'shanghai','上海','浦东新区'),(837,'shanghai','上海','金山区'),(838,'shanghai','上海','松江区'),(839,'shanghai','上海','青浦区'),(840,'shanghai','上海','奉贤区'),(841,'shanghai','上海','崇明县'),(842,'tianjin','天津','河东区'),(843,'tianjin','天津','河西区'),(844,'tianjin','天津','南开区'),(845,'tianjin','天津','河北区'),(846,'tianjin','天津','红桥区'),(847,'tianjin','天津','东丽区'),(848,'tianjin','天津','西青区'),(849,'tianjin','天津','津南区'),(850,'tianjin','天津','北辰区'),(851,'tianjin','天津','武清区'),(852,'tianjin','天津','宝坻区'),(853,'tianjin','天津','滨海新区'),(854,'tianjin','天津','宁河县'),(855,'tianjin','天津','静海县'),(856,'tianjin','天津','蓟县'),(857,'chongqing','重庆','涪陵区'),(858,'chongqing','重庆','渝中区'),(859,'chongqing','重庆','大渡口区'),(860,'chongqing','重庆','江北区'),(861,'chongqing','重庆','沙坪坝区'),(862,'chongqing','重庆','九龙坡区'),(863,'chongqing','重庆','南岸区'),(864,'chongqing','重庆','北碚区'),(865,'chongqing','重庆','綦江区'),(866,'chongqing','重庆','大足区'),(867,'chongqing','重庆','渝北区'),(868,'chongqing','重庆','黔江区'),(869,'chongqing','重庆','长寿区'),(870,'chongqing','重庆','江津区'),(871,'chongqing','重庆','合川区'),(872,'chongqing','重庆','永川区'),(873,'chongqing','重庆','南川区'),(874,'chongqing','重庆','铜梁区'),(875,'chongqing','重庆','璧山区'),(876,'chongqing','重庆','潼南区'),(877,'chongqing','重庆','荣昌区'),(878,'chongqing','重庆','开县'),(879,'chongqing','重庆','梁平县'),(880,'chongqing','重庆','武隆县'),(881,'chongqing','重庆','城口县'),(882,'chongqing','重庆','丰都县'),(883,'chongqing','重庆','垫江县'),(884,'chongqing','重庆','忠县'),(885,'chongqing','重庆','云阳县'),(886,'chongqing','重庆','奉节县'),(887,'chongqing','重庆','巫山县'),(888,'chongqing','重庆','巫溪县'),(889,'chongqing','重庆','石柱县'),(890,'chongqing','重庆','秀山县'),(891,'chongqing','重庆','酉阳县'),(892,'chongqing','重庆','彭水县');
/*!40000 ALTER TABLE `code_area` ENABLE KEYS */;
UNLOCK TABLES;

--
-- Table structure for table `etl_dataset`
--

DROP TABLE IF EXISTS `etl_dataset`;
/*!40101 SET @saved_cs_client     = @@character_set_client */;
/*!40101 SET character_set_client = utf8 */;
CREATE TABLE `etl_dataset` (
  `dset_Id` varchar(50) NOT NULL DEFAULT '',
  `ds_id` varchar(50) DEFAULT NULL,
  `name` varchar(255) DEFAULT NULL,
  `crtdate` datetime DEFAULT NULL,
  `cfg` text,
  `primary_table` varchar(50) DEFAULT NULL COMMENT '主表',
  PRIMARY KEY (`dset_Id`)
) ENGINE=InnoDB DEFAULT CHARSET=utf8 ROW_FORMAT=COMPACT;
/*!40101 SET character_set_client = @saved_cs_client */;

--
-- Dumping data for table `etl_dataset`
--

LOCK TABLES `etl_dataset` WRITE;
/*!40000 ALTER TABLE `etl_dataset` DISABLE KEYS */;
INSERT INTO `etl_dataset` VALUES ('5113682bca6cc68a6e1e040a9e333519','2ba333782568cb83f254c869818b00d8','org','2017-05-23 14:11:37','{\"master\":\"ORG\",\"name\":\"org\",\"dsid\":\"2ba333782568cb83f254c869818b00d8\",\"dsetId\":\"5113682bca6cc68a6e1e040a9e333519\",\"cols\":[{\"dispName\":\"\",\"expression\":\"\",\"idx\":0,\"isshow\":true,\"length\":0,\"name\":\"ORG_TYPE\",\"tname\":\"ORG\",\"type\":\"String\"},{\"dispName\":\"\",\"expression\":\"\",\"idx\":0,\"isshow\":true,\"length\":0,\"name\":\"EMAIL\",\"tname\":\"ORG\",\"type\":\"String\"},{\"dispName\":\"\",\"expression\":\"\",\"idx\":0,\"isshow\":true,\"length\":0,\"name\":\"SHORT_NAME\",\"tname\":\"ORG\",\"type\":\"String\"},{\"dispName\":\"\",\"expression\":\"\",\"idx\":0,\"isshow\":true,\"length\":0,\"name\":\"PARENT_ID\",\"tname\":\"ORG\",\"type\":\"String\"},{\"dispName\":\"\",\"expression\":\"\",\"idx\":0,\"isshow\":true,\"length\":0,\"name\":\"ORG_NAME\",\"tname\":\"ORG\",\"type\":\"String\"},{\"dispName\":\"\",\"expression\":\"\",\"idx\":0,\"isshow\":true,\"length\":0,\"name\":\"ORG_ID\",\"tname\":\"ORG\",\"type\":\"String\"},{\"dispName\":\"\",\"expression\":\"\",\"idx\":0,\"isshow\":true,\"length\":0,\"name\":\"CREATIONTIME\",\"tname\":\"ORG\",\"type\":\"Date\"},{\"dispName\":\"\",\"expression\":\"\",\"idx\":0,\"isshow\":true,\"length\":0,\"name\":\"CREATOR\",\"tname\":\"ORG\",\"type\":\"String\"},{\"dispName\":\"\",\"expression\":\"\",\"idx\":0,\"isshow\":true,\"length\":0,\"name\":\"ORG_CODE\",\"tname\":\"ORG\",\"type\":\"String\"},{\"dispName\":\"\",\"expression\":\"\",\"idx\":0,\"isshow\":true,\"length\":0,\"name\":\"TS\",\"tname\":\"ORG\",\"type\":\"Date\"},{\"dispName\":\"\",\"expression\":\"\",\"idx\":0,\"isshow\":true,\"length\":0,\"name\":\"DR\",\"tname\":\"ORG\",\"type\":\"Double\"}]}','ORG'),('881ec4d509768942aadb519253cbc033','0a5315056128bd0bffb205fbb9602921','3G','2017-05-04 15:41:32','{\"master\":\"dm_kpi_w_card_pandect_m2\",\"joininfo\":[{\"col\":\"AREA_NO\",\"ref\":\"dmcode_city\",\"refKey\":\"CITY_NO\",\"jtype\":\"all\"},{\"col\":\"PAY_MODE\",\"ref\":\"dmcode_pay_type\",\"refKey\":\"PAY_TYPE_ID\",\"jtype\":\"all\"}],\"name\":\"3G\",\"dsid\":\"0a5315056128bd0bffb205fbb9602921\",\"dsetId\":\"881ec4d509768942aadb519253cbc033\",\"cols\":[{\"dispName\":\"\",\"expression\":\"\",\"idx\":0,\"isshow\":true,\"length\":0,\"name\":\"MONTH_ID\",\"tname\":\"dm_kpi_w_card_pandect_m2\",\"type\":\"String\"},{\"dispName\":\"\",\"expression\":\"\",\"idx\":0,\"isshow\":true,\"length\":0,\"name\":\"PROV_ID\",\"tname\":\"dm_kpi_w_card_pandect_m2\",\"type\":\"String\"},{\"dispName\":\"\",\"expression\":\"\",\"idx\":0,\"isshow\":true,\"length\":0,\"name\":\"AREA_NO\",\"tname\":\"dm_kpi_w_card_pandect_m2\",\"type\":\"String\"},{\"dispName\":\"\",\"expression\":\"\",\"idx\":0,\"isshow\":true,\"length\":0,\"name\":\"PAY_MODE\",\"tname\":\"dm_kpi_w_card_pandect_m2\",\"type\":\"String\"},{\"dispName\":\"\",\"expression\":\"\",\"idx\":0,\"isshow\":true,\"length\":0,\"name\":\"A0001\",\"tname\":\"dm_kpi_w_card_pandect_m2\",\"type\":\"Double\"},{\"dispName\":\"\",\"expression\":\"\",\"idx\":0,\"isshow\":true,\"length\":0,\"name\":\"A0002\",\"tname\":\"dm_kpi_w_card_pandect_m2\",\"type\":\"Double\"},{\"dispName\":\"\",\"expression\":\"\",\"idx\":0,\"isshow\":true,\"length\":0,\"name\":\"A0003\",\"tname\":\"dm_kpi_w_card_pandect_m2\",\"type\":\"Double\"},{\"dispName\":\"\",\"expression\":\"\",\"idx\":0,\"isshow\":true,\"length\":0,\"name\":\"A0004\",\"tname\":\"dm_kpi_w_card_pandect_m2\",\"type\":\"Double\"},{\"dispName\":\"\",\"expression\":\"\",\"idx\":0,\"isshow\":true,\"length\":0,\"name\":\"A0005\",\"tname\":\"dm_kpi_w_card_pandect_m2\",\"type\":\"Double\"},{\"dispName\":\"\",\"expression\":\"\",\"idx\":0,\"isshow\":true,\"length\":0,\"name\":\"A0006\",\"tname\":\"dm_kpi_w_card_pandect_m2\",\"type\":\"Double\"},{\"dispName\":\"\",\"expression\":\"\",\"idx\":0,\"isshow\":true,\"length\":0,\"name\":\"A0007\",\"tname\":\"dm_kpi_w_card_pandect_m2\",\"type\":\"Double\"},{\"dispName\":\"\",\"expression\":\"\",\"idx\":0,\"isshow\":true,\"length\":0,\"name\":\"A0008\",\"tname\":\"dm_kpi_w_card_pandect_m2\",\"type\":\"Double\"},{\"dispName\":\"\",\"expression\":\"\",\"idx\":0,\"isshow\":true,\"length\":0,\"name\":\"A0009\",\"tname\":\"dm_kpi_w_card_pandect_m2\",\"type\":\"Double\"},{\"dispName\":\"\",\"expression\":\"\",\"idx\":0,\"isshow\":true,\"length\":0,\"name\":\"B0001\",\"tname\":\"dm_kpi_w_card_pandect_m2\",\"type\":\"Double\"},{\"dispName\":\"\",\"expression\":\"\",\"idx\":0,\"isshow\":true,\"length\":0,\"name\":\"B0002\",\"tname\":\"dm_kpi_w_card_pandect_m2\",\"type\":\"Double\"},{\"dispName\":\"\",\"expression\":\"\",\"idx\":0,\"isshow\":true,\"length\":0,\"name\":\"CITY_NO\",\"tname\":\"dmcode_city\",\"type\":\"String\"},{\"dispName\":\"\",\"expression\":\"\",\"idx\":0,\"isshow\":true,\"length\":0,\"name\":\"CITY_DESC\",\"tname\":\"dmcode_city\",\"type\":\"String\"},{\"dispName\":\"\",\"expression\":\"\",\"idx\":0,\"isshow\":true,\"length\":0,\"name\":\"AREA_NO\",\"tname\":\"dmcode_city\",\"type\":\"String\"},{\"dispName\":\"\",\"expression\":\"\",\"idx\":0,\"isshow\":true,\"length\":0,\"name\":\"AREA_DESC\",\"tname\":\"dmcode_city\",\"type\":\"String\"},{\"dispName\":\"\",\"expression\":\"\",\"idx\":0,\"isshow\":true,\"length\":0,\"name\":\"COUNTRY\",\"tname\":\"dmcode_city\",\"type\":\"String\"},{\"dispName\":\"\",\"expression\":\"\",\"idx\":0,\"isshow\":true,\"length\":0,\"name\":\"ORD\",\"tname\":\"dmcode_city\",\"type\":\"Int\"},{\"dispName\":\"\",\"expression\":\"\",\"idx\":0,\"isshow\":true,\"length\":0,\"name\":\"PAY_TYPE_ID\",\"tname\":\"dmcode_pay_type\",\"type\":\"String\"},{\"dispName\":\"\",\"expression\":\"\",\"idx\":0,\"isshow\":true,\"length\":0,\"name\":\"PAY_TYPE_DESC\",\"tname\":\"dmcode_pay_type\",\"type\":\"String\"}],\"dynamic\":[{\"name\":\"hjz\",\"tname\":\"dm_kpi_w_card_pandect_m2\",\"type\":\"Double\",\"expression\":\"A0001 + A0003 \"}]}','dm_kpi_w_card_pandect_m2'),('e2112ac3b46649b5946f17e8909252f7','06b7c1cfc4d819f7c179a419112cf398','logs','2017-04-29 21:46:21','{\"master\":\"d3_dm_logs\",\"name\":\"logs\",\"dsid\":\"06b7c1cfc4d819f7c179a419112cf398\",\"dsetId\":\"e2112ac3b46649b5946f17e8909252f7\",\"cols\":[{\"dispName\":\"\",\"expression\":\"\",\"idx\":0,\"isshow\":true,\"length\":0,\"name\":\"rid\",\"tname\":\"d3_dm_logs\",\"type\":\"Int\"},{\"dispName\":\"\",\"expression\":\"\",\"idx\":0,\"isshow\":true,\"length\":0,\"name\":\"ip\",\"tname\":\"d3_dm_logs\",\"type\":\"String\"},{\"dispName\":\"\",\"expression\":\"\",\"idx\":0,\"isshow\":true,\"length\":0,\"name\":\"date\",\"tname\":\"d3_dm_logs\",\"type\":\"Date\"},{\"dispName\":\"路径\",\"expression\":\"\",\"idx\":0,\"isshow\":true,\"length\":0,\"name\":\"path\",\"tname\":\"d3_dm_logs\",\"type\":\"String\"},{\"dispName\":\"浏览器\",\"expression\":\"\",\"idx\":0,\"isshow\":true,\"length\":0,\"name\":\"browser\",\"tname\":\"d3_dm_logs\",\"type\":\"String\"},{\"dispName\":\"是否成功\",\"expression\":\"\",\"idx\":0,\"isshow\":true,\"length\":0,\"name\":\"isok\",\"tname\":\"d3_dm_logs\",\"type\":\"Int\"},{\"dispName\":\"\",\"expression\":\"\",\"idx\":0,\"isshow\":true,\"length\":0,\"name\":\"keyword\",\"tname\":\"d3_dm_logs\",\"type\":\"String\"},{\"dispName\":\"\",\"expression\":\"\",\"idx\":0,\"isshow\":true,\"length\":0,\"name\":\"ssyq\",\"tname\":\"d3_dm_logs\",\"type\":\"String\"}],\"dynamic\":[{\"name\":\"year_id\",\"tname\":\"d3_dm_logs\",\"type\":\"String\",\"expression\":\"date_format(date, @%Y@)\"},{\"name\":\"month_id\",\"tname\":\"d3_dm_logs\",\"type\":\"String\",\"expression\":\"date_format(date, @%Y-%m@)\"},{\"name\":\"day_id\",\"tname\":\"d3_dm_logs\",\"type\":\"String\",\"expression\":\"date_format(date, @%Y-%m-%d@)\"}]}','d3_dm_logs');
/*!40000 ALTER TABLE `etl_dataset` ENABLE KEYS */;
UNLOCK TABLES;

--
-- Table structure for table `etl_datasource`
--

DROP TABLE IF EXISTS `etl_datasource`;
/*!40101 SET @saved_cs_client     = @@character_set_client */;
/*!40101 SET character_set_client = utf8 */;
CREATE TABLE `etl_datasource` (
  `ds_Id` varchar(100) CHARACTER SET latin1 NOT NULL DEFAULT '',
  `name` varchar(100) CHARACTER SET latin1 DEFAULT NULL,
  `use_type` varchar(10) CHARACTER SET latin1 DEFAULT NULL,
  `linktype` varchar(50) CHARACTER SET latin1 DEFAULT NULL,
  `linkurl` varchar(255) CHARACTER SET latin1 DEFAULT NULL,
  `uname` varchar(50) CHARACTER SET latin1 DEFAULT NULL,
  `psd` varchar(50) CHARACTER SET latin1 DEFAULT NULL,
  PRIMARY KEY (`ds_Id`)
) ENGINE=InnoDB DEFAULT CHARSET=utf8;
/*!40101 SET character_set_client = @saved_cs_client */;

--
-- Dumping data for table `etl_datasource`
--

LOCK TABLES `etl_datasource` WRITE;
/*!40000 ALTER TABLE `etl_datasource` DISABLE KEYS */;
INSERT INTO `etl_datasource` VALUES ('06b7c1cfc4d819f7c179a419112cf398','test2','jdbc','mysql','jdbc:mysql://localhost/yunbi?useUnicode=true&characterEncoding=UTF8','root','123456'),('0a5315056128bd0bffb205fbb9602921','bi_demo','jdbc','mysql','jdbc:mysql://localhost/bi_demo?useUnicode=true&characterEncoding=UTF8','root','123456'),('2ba333782568cb83f254c869818b00d8','oracle','jdbc','oracle','jdbc:oracle:thin:@172.30.3.74:1521/masterpdb','master','master');
/*!40000 ALTER TABLE `etl_datasource` ENABLE KEYS */;
UNLOCK TABLES;

--
-- Table structure for table `olap_cube_col_meta`
--

DROP TABLE IF EXISTS `olap_cube_col_meta`;
/*!40101 SET @saved_cs_client     = @@character_set_client */;
/*!40101 SET character_set_client = utf8 */;
CREATE TABLE `olap_cube_col_meta` (
  `RID` bigint(11) NOT NULL AUTO_INCREMENT,
  `cube_ID` varchar(50) DEFAULT NULL,
  `COL_TYPE` bigint(11) DEFAULT NULL,
  `tname` varchar(50) DEFAULT NULL,
  `COL_ID` bigint(11) DEFAULT NULL,
  `COL_NAME` varchar(255) DEFAULT NULL,
  `ALIAS` varchar(100) DEFAULT NULL,
  `ORD` bigint(11) DEFAULT NULL,
  `CALC` int(2) DEFAULT NULL,
  PRIMARY KEY (`RID`)
) ENGINE=InnoDB AUTO_INCREMENT=1592 DEFAULT CHARSET=utf8;
/*!40101 SET character_set_client = @saved_cs_client */;

--
-- Dumping data for table `olap_cube_col_meta`
--

LOCK TABLES `olap_cube_col_meta` WRITE;
/*!40000 ALTER TABLE `olap_cube_col_meta` DISABLE KEYS */;
INSERT INTO `olap_cube_col_meta` VALUES (1572,'3',1,'ORG',434,'ORG_TYPE','ORG_TYPE',0,0),(1573,'3',1,'ORG',435,'EMAIL','EMAIL',1,0),(1574,'3',1,'ORG',436,'SHORT_NAME','SHORT_NAME',2,0),(1575,'3',2,'ORG',230,'count(ORG_CODE)','ORG_CODE',0,0),(1576,'1',1,'d3_dm_logs',419,'path','path',0,0),(1577,'1',1,'d3_dm_logs',420,'browser','browser',1,0),(1578,'1',1,'d3_dm_logs',421,'isok','isok',2,0),(1579,'1',1,'d3_dm_logs',417,'date_format(date, @%Y@)','year_id',3,1),(1580,'1',1,'d3_dm_logs',418,'date_format(date, @%Y-%m@)','month_id',4,1),(1581,'1',1,'d3_dm_logs',433,'date_format(date, @%Y-%m-%d@)','day_id',5,1),(1582,'1',2,'d3_dm_logs',211,'count(rid)','rid',0,0),(1583,'1',2,'',231,'count(rid) + 10','rid2',1,1),(1584,'2',1,'dm_kpi_w_card_pandect_m2',429,'MONTH_ID','MONTH_ID',0,0),(1585,'2',1,'dm_kpi_w_card_pandect_m2',430,'PROV_ID','PROV_ID',1,0),(1586,'2',1,'dm_kpi_w_card_pandect_m2',431,'AREA_NO','AREA_NO',2,0),(1587,'2',1,'dm_kpi_w_card_pandect_m2',432,'PAY_MODE','PAY_MODE',3,0),(1588,'2',2,'dm_kpi_w_card_pandect_m2',226,'sum(A0002)','A0002',0,0),(1589,'2',2,'dm_kpi_w_card_pandect_m2',227,'sum(A0001)','A0001',1,0),(1590,'2',2,'',228,'sum(A0001  ) + sum(A0002  )','testkpi',2,1),(1591,'2',2,'dm_kpi_w_card_pandect_m2',229,'sum(A0001 + A0003 )','hjz',3,1);
/*!40000 ALTER TABLE `olap_cube_col_meta` ENABLE KEYS */;
UNLOCK TABLES;

--
-- Table structure for table `olap_cube_meta`
--

DROP TABLE IF EXISTS `olap_cube_meta`;
/*!40101 SET @saved_cs_client     = @@character_set_client */;
/*!40101 SET character_set_client = utf8 */;
CREATE TABLE `olap_cube_meta` (
  `cube_id` varchar(50) NOT NULL DEFAULT '0',
  `cube_name` varchar(500) DEFAULT NULL,
  `cube_desc` varchar(255) DEFAULT NULL,
  `dsource` varchar(50) DEFAULT NULL,
  `dset` varchar(50) DEFAULT NULL,
  PRIMARY KEY (`cube_id`)
) ENGINE=InnoDB DEFAULT CHARSET=utf8;
/*!40101 SET character_set_client = @saved_cs_client */;

--
-- Dumping data for table `olap_cube_meta`
--

LOCK TABLES `olap_cube_meta` WRITE;
/*!40000 ALTER TABLE `olap_cube_meta` DISABLE KEYS */;
INSERT INTO `olap_cube_meta` VALUES ('1','日志分析','test',NULL,'e2112ac3b46649b5946f17e8909252f7'),('2','3G用户分析','test',NULL,'881ec4d509768942aadb519253cbc033'),('3','org分析','org分析',NULL,'5113682bca6cc68a6e1e040a9e333519');
/*!40000 ALTER TABLE `olap_cube_meta` ENABLE KEYS */;
UNLOCK TABLES;

--
-- Table structure for table `olap_dim_group`
--

DROP TABLE IF EXISTS `olap_dim_group`;
/*!40101 SET @saved_cs_client     = @@character_set_client */;
/*!40101 SET character_set_client = utf8 */;
CREATE TABLE `olap_dim_group` (
  `GROUP_ID` varchar(40) NOT NULL,
  `GROUP_NAME` varchar(50) DEFAULT NULL,
  `ORD` int(4) DEFAULT NULL,
  `cube_id` int(11) DEFAULT NULL,
  PRIMARY KEY (`GROUP_ID`)
) ENGINE=InnoDB DEFAULT CHARSET=utf8;
/*!40101 SET character_set_client = @saved_cs_client */;

--
-- Dumping data for table `olap_dim_group`
--

LOCK TABLES `olap_dim_group` WRITE;
/*!40000 ALTER TABLE `olap_dim_group` DISABLE KEYS */;
INSERT INTO `olap_dim_group` VALUES ('5d9411a44614c2a505bf676f1c0d2ffc','时间',3,1),('5f7ba2809721e9ba2aace590b5bea21b','地域',2,2),('64d0603ae1737749bdebf4875f9fff5c','地狱',1,2),('bdf7779698e1b79bbce086ad12972676','地域',1,2);
/*!40000 ALTER TABLE `olap_dim_group` ENABLE KEYS */;
UNLOCK TABLES;

--
-- Table structure for table `olap_dim_list`
--

DROP TABLE IF EXISTS `olap_dim_list`;
/*!40101 SET @saved_cs_client     = @@character_set_client */;
/*!40101 SET character_set_client = utf8 */;
CREATE TABLE `olap_dim_list` (
  `DIM_ID` bigint(11) NOT NULL AUTO_INCREMENT,
  `DIM_DESC` varchar(255) DEFAULT NULL,
  `DIM_TYPE` varchar(50) DEFAULT NULL,
  `CAS_PARENT` varchar(5) DEFAULT NULL,
  `col_table_name` varchar(50) DEFAULT NULL,
  `COL_KEY` varchar(50) DEFAULT NULL,
  `COL_NAME` varchar(50) DEFAULT NULL,
  `DIM_ORD` varchar(10) DEFAULT NULL,
  `GROUP_TYPE` varchar(40) DEFAULT NULL,
  `KEY_VAL_TYPE` varchar(10) DEFAULT NULL,
  `ordcol` varchar(50) DEFAULT NULL,
  `cube_id` int(11) DEFAULT NULL,
  `dateformat` varchar(50) DEFAULT NULL COMMENT '维度为日期类型的格式',
  PRIMARY KEY (`DIM_ID`)
) ENGINE=InnoDB AUTO_INCREMENT=437 DEFAULT CHARSET=utf8;
/*!40101 SET character_set_client = @saved_cs_client */;

--
-- Dumping data for table `olap_dim_list`
--

LOCK TABLES `olap_dim_list` WRITE;
/*!40000 ALTER TABLE `olap_dim_list` DISABLE KEYS */;
INSERT INTO `olap_dim_list` VALUES (381,'path','frd',NULL,NULL,NULL,NULL,NULL,'','String',NULL,1,NULL),(382,'browser','frd',NULL,NULL,NULL,NULL,NULL,'','String',NULL,1,NULL),(383,'isok','frd',NULL,NULL,NULL,NULL,NULL,'','Int',NULL,1,NULL),(384,'path','frd',NULL,NULL,NULL,NULL,NULL,'','String',NULL,1,NULL),(385,'browser','frd',NULL,NULL,NULL,NULL,NULL,'','String',NULL,1,NULL),(386,'isok','frd',NULL,NULL,NULL,NULL,NULL,'','Int',NULL,1,NULL),(387,'path','frd',NULL,NULL,NULL,NULL,NULL,'','String',NULL,1,NULL),(388,'browser','frd',NULL,NULL,NULL,NULL,NULL,'','String',NULL,1,NULL),(389,'isok','frd',NULL,NULL,'','','asc','','Int','isok',1,''),(390,'ssyq','frd',NULL,NULL,NULL,NULL,NULL,'','String',NULL,1,NULL),(406,'MONTH_ID','frd',NULL,NULL,NULL,NULL,NULL,'','String',NULL,2,NULL),(407,'PROV_ID','frd',NULL,'dmcode_city','AREA_NO','AREA_DESC','','','String','AREA_NO',2,''),(408,'AREA_NO','frd',NULL,'dmcode_city','CITY_NO','CITY_DESC','','','String','CITY_NO',2,''),(409,'PAY_MODE','frd',NULL,'dmcode_pay_type','PAY_TYPE_ID','PAY_TYPE_DESC','','','String','PAY_TYPE_ID',2,''),(415,'year_id','frd',NULL,NULL,NULL,NULL,NULL,'','String',NULL,1,NULL),(416,'year_id','frd',NULL,NULL,NULL,NULL,NULL,'','String',NULL,1,NULL),(417,'年','year',NULL,'','','','','5d9411a44614c2a505bf676f1c0d2ffc','String','',1,'yyyy'),(418,'月','month',NULL,'','','','','5d9411a44614c2a505bf676f1c0d2ffc','String','',1,'yyyy-mm'),(419,'路径','frd',NULL,'','','','','','String','',1,''),(420,'browser','frd',NULL,NULL,NULL,NULL,NULL,'','String',NULL,1,NULL),(421,'isok','frd',NULL,NULL,NULL,NULL,NULL,'','Int',NULL,1,NULL),(422,'MONTH_ID','frd',NULL,NULL,NULL,NULL,NULL,'','String',NULL,2,NULL),(423,'PROV_ID','frd',NULL,NULL,NULL,NULL,NULL,'','String',NULL,2,NULL),(424,'AREA_NO','frd',NULL,NULL,NULL,NULL,NULL,'','String',NULL,2,NULL),(425,'PAY_MODE','frd',NULL,NULL,NULL,NULL,NULL,'','String',NULL,2,NULL),(426,'MONTH_ID','frd',NULL,NULL,NULL,NULL,NULL,'','String',NULL,2,NULL),(427,'PROV_ID2','frd',NULL,'','','','','64d0603ae1737749bdebf4875f9fff5c','String','',2,''),(428,'AREA_NO','frd',NULL,NULL,NULL,NULL,NULL,'','String',NULL,2,NULL),(429,'月份','frd',NULL,'','','','','','String','',2,''),(430,'省份','prov',NULL,'dmcode_city','AREA_NO','AREA_DESC','','bdf7779698e1b79bbce086ad12972676','String','AREA_NO',2,''),(431,'地市','city',NULL,'dmcode_city','CITY_NO','CITY_DESC','','bdf7779698e1b79bbce086ad12972676','String','CITY_NO',2,''),(432,'PAY_MODE','frd',NULL,'dmcode_pay_type','PAY_TYPE_ID','PAY_TYPE_DESC','','','String','PAY_TYPE_ID',2,''),(433,'day_id','day',NULL,'','','','','5d9411a44614c2a505bf676f1c0d2ffc','String','',1,'yyyy-mm-dd'),(434,'ORG_TYPE','frd',NULL,NULL,NULL,NULL,NULL,'','String',NULL,3,NULL),(435,'EMAIL','frd',NULL,NULL,NULL,NULL,NULL,'','String',NULL,3,NULL),(436,'SHORT_NAME','frd',NULL,NULL,NULL,NULL,NULL,'','String',NULL,3,NULL);
/*!40000 ALTER TABLE `olap_dim_list` ENABLE KEYS */;
UNLOCK TABLES;

--
-- Table structure for table `olap_kpi_list`
--

DROP TABLE IF EXISTS `olap_kpi_list`;
/*!40101 SET @saved_cs_client     = @@character_set_client */;
/*!40101 SET character_set_client = utf8 */;
CREATE TABLE `olap_kpi_list` (
  `RID` bigint(11) NOT NULL AUTO_INCREMENT,
  `KPI_NAME` varchar(50) DEFAULT NULL,
  `KPI_DESC_KEY` varchar(255) DEFAULT NULL,
  `UNIT` varchar(10) DEFAULT NULL,
  `FMT` varchar(50) DEFAULT NULL,
  `AGGRE` varchar(10) DEFAULT NULL,
  `RATE` bigint(11) DEFAULT NULL,
  `CALC_KPI` int(3) DEFAULT NULL,
  `cube_id` int(11) DEFAULT NULL,
  PRIMARY KEY (`RID`)
) ENGINE=InnoDB AUTO_INCREMENT=232 DEFAULT CHARSET=utf8;
/*!40101 SET character_set_client = @saved_cs_client */;

--
-- Dumping data for table `olap_kpi_list`
--

LOCK TABLES `olap_kpi_list` WRITE;
/*!40000 ALTER TABLE `olap_kpi_list` DISABLE KEYS */;
INSERT INTO `olap_kpi_list` VALUES (189,'rid','','','','count',NULL,0,1),(190,'rid',NULL,NULL,NULL,'sum',NULL,0,1),(191,'访问次数','','','','count',NULL,0,1),(211,'rid','','','#,###','count',NULL,0,1),(217,'A0002',NULL,NULL,NULL,'sum',NULL,0,2),(218,'A0001',NULL,NULL,NULL,'sum',NULL,0,2),(219,'testkpi','','','','sum',NULL,1,2),(221,'hjz','','','','avg',NULL,0,2),(222,'hjz',NULL,NULL,NULL,'sum',NULL,0,2),(223,'A0001',NULL,NULL,NULL,'sum',NULL,0,2),(224,'A0002',NULL,NULL,NULL,'sum',NULL,0,2),(225,'A0005',NULL,NULL,NULL,'sum',NULL,0,2),(226,'A0002',NULL,NULL,NULL,'sum',NULL,0,2),(227,'A0001',NULL,NULL,NULL,'sum',NULL,0,2),(228,'testkpi','','','','sum',NULL,1,2),(229,'hjz',NULL,NULL,NULL,'sum',NULL,0,2),(230,'ORG_CODE','','','','count',NULL,0,3),(231,'rid+10','','','','sum',NULL,1,1);
/*!40000 ALTER TABLE `olap_kpi_list` ENABLE KEYS */;
UNLOCK TABLES;

--
-- Table structure for table `olap_user_save`
--

DROP TABLE IF EXISTS `olap_user_save`;
/*!40101 SET @saved_cs_client     = @@character_set_client */;
/*!40101 SET character_set_client = utf8 */;
CREATE TABLE `olap_user_save` (
  `PAGEID` bigint(11) NOT NULL DEFAULT '0',
  `USERID` bigint(11) DEFAULT NULL,
  `PAGEINFO` text,
  `PAGENAME` varchar(200) DEFAULT NULL,
  `CRTDATE` datetime DEFAULT NULL,
  `UPDATEDATE` datetime DEFAULT NULL,
  PRIMARY KEY (`PAGEID`)
) ENGINE=InnoDB DEFAULT CHARSET=utf8;
/*!40101 SET character_set_client = @saved_cs_client */;

--
-- Dumping data for table `olap_user_save`
--

LOCK TABLES `olap_user_save` WRITE;
/*!40000 ALTER TABLE `olap_user_save` DISABLE KEYS */;
INSERT INTO `olap_user_save` VALUES (1,1,'{\"selectDs\":\"1\",\"comps\":[{\"name\":\"表格组件\",\"id\":1,\"type\":\"table\",\"cubeId\":\"1\",\"dsid\":\"06b7c1cfc4d819f7c179a419112cf398\",\"dsetId\":\"e2112ac3b46649b5946f17e8909252f7\",\"kpiJson\":[{\"kpi_id\":211,\"kpi_name\":\"rid\",\"col_name\":\"sum(rid)\",\"aggre\":\"sum\",\"fmt\":\"\",\"alias\":\"rid\",\"tname\":\"d3_dm_logs\",\"unit\":\"\",\"rate\":null,\"calc\":0}],\"tableJson\":{\"cols\":[],\"rows\":[{\"id\":417,\"dimdesc\":\"年\",\"type\":\"frd\",\"colname\":\"date_format(date, @%Y@)\",\"alias\":\"year_id\",\"tname\":\"d3_dm_logs\",\"iscas\":\"y\",\"tableName\":\"\",\"tableColKey\":\"\",\"tableColName\":\"\",\"dimord\":\"\",\"grouptype\":\"5d9411a44614c2a505bf676f1c0d2ffc\",\"valType\":\"String\",\"ordcol\":\"\",\"dateformat\":\"\",\"calc\":1}]}}],\"params\":[],\"id\":1}','test2','2017-05-15 10:25:29','2017-05-15 10:25:29'),(2,1,'{\"selectDs\":\"2\",\"comps\":[{\"id\":2,\"name\":\"表格组件\",\"type\":\"table\",\"cubeId\":\"2\",\"dsid\":\"0a5315056128bd0bffb205fbb9602921\",\"dsetId\":\"881ec4d509768942aadb519253cbc033\",\"kpiJson\":[{\"kpi_id\":226,\"kpi_name\":\"A0002\",\"col_name\":\"sum(A0002)\",\"aggre\":\"sum\",\"fmt\":\"\",\"alias\":\"A0002\",\"tname\":\"dm_kpi_w_card_pandect_m2\",\"unit\":\"\",\"rate\":null,\"calc\":0}],\"tableJson\":{\"cols\":[],\"rows\":[{\"id\":430,\"dimdesc\":\"PROV_ID\",\"type\":\"frd\",\"colname\":\"PROV_ID\",\"alias\":\"PROV_ID\",\"tname\":\"dm_kpi_w_card_pandect_m2\",\"iscas\":\"y\",\"tableName\":\"dmcode_city\",\"tableColKey\":\"AREA_NO\",\"tableColName\":\"AREA_DESC\",\"dimord\":\"\",\"grouptype\":\"bdf7779698e1b79bbce086ad12972676\",\"valType\":\"String\",\"ordcol\":\"AREA_NO\",\"dateformat\":\"\",\"calc\":0}]}}],\"params\":[],\"id\":2}','testt','2017-05-17 09:38:44','2017-05-17 10:54:31');
/*!40000 ALTER TABLE `olap_user_save` ENABLE KEYS */;
UNLOCK TABLES;

--
-- Table structure for table `portal_3greport_type`
--

DROP TABLE IF EXISTS `portal_3greport_type`;
/*!40101 SET @saved_cs_client     = @@character_set_client */;
/*!40101 SET character_set_client = utf8 */;
CREATE TABLE `portal_3greport_type` (
  `Id` int(11) NOT NULL AUTO_INCREMENT,
  `name` varchar(255) DEFAULT NULL,
  `note` varchar(255) DEFAULT NULL,
  `crtuser` int(11) DEFAULT NULL,
  `crtdate` datetime DEFAULT NULL,
  `ord` int(9) DEFAULT NULL,
  PRIMARY KEY (`Id`)
) ENGINE=InnoDB AUTO_INCREMENT=3 DEFAULT CHARSET=utf8 ROW_FORMAT=COMPACT COMMENT='3g报表分类';
/*!40101 SET character_set_client = @saved_cs_client */;

--
-- Dumping data for table `portal_3greport_type`
--

LOCK TABLES `portal_3greport_type` WRITE;
/*!40000 ALTER TABLE `portal_3greport_type` DISABLE KEYS */;
INSERT INTO `portal_3greport_type` VALUES (1,'营运监控','',1,'2017-05-07 13:44:04',1),(2,'经营盘点','',1,'2017-05-07 13:44:46',2);
/*!40000 ALTER TABLE `portal_3greport_type` ENABLE KEYS */;
UNLOCK TABLES;

--
-- Table structure for table `portal_user_save`
--

DROP TABLE IF EXISTS `portal_user_save`;
/*!40101 SET @saved_cs_client     = @@character_set_client */;
/*!40101 SET character_set_client = utf8 */;
CREATE TABLE `portal_user_save` (
  `user_Id` int(11) NOT NULL DEFAULT '0',
  `pageinfo` text,
  `updatedate` datetime DEFAULT NULL,
  `crtdate` datetime DEFAULT NULL,
  `pageId` varchar(50) NOT NULL DEFAULT '',
  `pagename` varchar(255) DEFAULT NULL,
  `is3g` varchar(5) DEFAULT NULL COMMENT '是否在移动端访问的报表',
  `cata_id` int(11) DEFAULT NULL COMMENT '报表所属目录，在3G报表中有效',
  PRIMARY KEY (`pageId`)
) ENGINE=InnoDB DEFAULT CHARSET=utf8;
/*!40101 SET character_set_client = @saved_cs_client */;

--
-- Dumping data for table `portal_user_save`
--

LOCK TABLES `portal_user_save` WRITE;
/*!40000 ALTER TABLE `portal_user_save` DISABLE KEYS */;
INSERT INTO `portal_user_save` VALUES (1,'{\"layout\":1,\"body\":{\"tr1\":[{\"colspan\":1,\"rowspan\":1,\"width\":100,\"height\":100,\"id\":1,\"children\":[{\"id\":\"9ebcb9087af3adafe986475c518528a4\",\"name\":\"交叉表\",\"type\":\"table\",\"cubeId\":\"1\",\"dsetId\":\"e2112ac3b46649b5946f17e8909252f7\",\"dsid\":\"06b7c1cfc4d819f7c179a419112cf398\",\"kpiJson\":[],\"tableJson\":{\"cols\":[],\"rows\":[{\"id\":421,\"dimdesc\":\"isok\",\"type\":\"frd\",\"colname\":\"isok\",\"tname\":\"d3_dm_logs\",\"iscas\":\"\",\"tableName\":\"\",\"tableColKey\":\"\",\"tableColName\":\"\",\"dimord\":\"\",\"grouptype\":null,\"valType\":\"Int\",\"ordcol\":\"\",\"alias\":\"isok\",\"calc\":0},{\"id\":417,\"dimdesc\":\"年\",\"type\":\"year\",\"colname\":\"date_format(date, @%Y@)\",\"tname\":\"d3_dm_logs\",\"iscas\":\"y\",\"tableName\":\"\",\"tableColKey\":\"\",\"tableColName\":\"\",\"dimord\":\"\",\"grouptype\":\"5d9411a44614c2a505bf676f1c0d2ffc\",\"valType\":\"String\",\"ordcol\":\"\",\"alias\":\"year_id\",\"calc\":1}]}}]}]},\"selectDs\":\"1\",\"id\":\"1926934b7e454148a326b7b412fb2041\"}','2017-05-17 11:21:24','2017-05-17 10:51:19','1926934b7e454148a326b7b412fb2041','test',NULL,NULL),(1,'{\"layout\":1,\"body\":{\"tr1\":[{\"colspan\":1,\"rowspan\":1,\"width\":100,\"height\":100,\"id\":1,\"children\":[{\"id\":\"f05c2a8dd972a1a26406e7a8cf2af2c2\",\"name\":\"图表\",\"type\":\"chart\",\"chartJson\":{\"type\":\"map\",\"maparea\":\"shanxi\",\"typeIndex\":\"2\",\"xcol\":{\"id\":431,\"dimdesc\":\"地市\",\"xdispName\":\"地市\",\"type\":\"city\",\"colname\":\"AREA_NO\",\"iscas\":\"y\",\"tableName\":\"dmcode_city\",\"tableColKey\":\"CITY_NO\",\"tableColName\":\"CITY_DESC\",\"dimord\":\"\",\"grouptype\":\"bdf7779698e1b79bbce086ad12972676\",\"valType\":\"String\",\"ordcol\":\"CITY_NO\",\"alias\":\"AREA_NO\",\"tname\":\"dm_kpi_w_card_pandect_m2\",\"calc\":0},\"ycol\":{\"type\":\"kpi\"},\"scol\":{},\"params\":[],\"height\":\"400\",\"width\":\"600\"},\"kpiJson\":[{\"kpi_id\":226,\"kpi_name\":\"A0002\",\"ydispName\":\"A0002\",\"col_name\":\"sum(A0002)\",\"aggre\":\"sum\",\"fmt\":\"\",\"alias\":\"A0002\",\"unit\":\"\",\"rate\":null,\"tname\":\"dm_kpi_w_card_pandect_m2\",\"calc\":0},null,null],\"cubeId\":\"2\",\"dsetId\":\"881ec4d509768942aadb519253cbc033\",\"dsid\":\"0a5315056128bd0bffb205fbb9602921\"}]}]},\"selectDs\":\"2\",\"id\":\"7d44c4e5fd6244eeb71ea6cbf202d215\"}','2017-06-18 18:23:02','2017-06-18 17:56:22','7d44c4e5fd6244eeb71ea6cbf202d215','地图',NULL,NULL),(1,'{\"layout\":1,\"body\":{\"tr1\":[{\"colspan\":1,\"rowspan\":1,\"width\":100,\"height\":100,\"id\":1,\"children\":[{\"id\":\"11f9403338dde4711c545c44b52e727b\",\"name\":\"图表\",\"type\":\"chart\",\"chartJson\":{\"type\":\"column\",\"typeIndex\":\"4\",\"xcol\":{\"id\":417,\"dimdesc\":\"年\",\"xdispName\":\"年\",\"type\":\"year\",\"colname\":\"date_format(date, @%Y@)\",\"iscas\":\"y\",\"tableName\":\"\",\"tableColKey\":\"\",\"tableColName\":\"\",\"dimord\":\"\",\"grouptype\":\"5d9411a44614c2a505bf676f1c0d2ffc\",\"valType\":\"String\",\"ordcol\":\"\",\"alias\":\"year_id\",\"tname\":\"d3_dm_logs\",\"calc\":1},\"ycol\":{\"type\":\"kpi\"},\"scol\":{\"id\":421,\"dimdesc\":\"isok\",\"type\":\"frd\",\"colname\":\"isok\",\"iscas\":\"\",\"tableName\":\"\",\"tableColKey\":\"\",\"tableColName\":\"\",\"dimord\":\"\",\"grouptype\":null,\"valType\":\"Int\",\"ordcol\":\"\",\"alias\":\"isok\",\"tname\":\"d3_dm_logs\",\"calc\":0},\"params\":[],\"height\":\"250\",\"width\":\"360\",\"legendpos\":\"\",\"showLegend\":\"true\",\"dataLabel\":\"false\"},\"kpiJson\":[{\"kpi_id\":211,\"kpi_name\":\"rid\",\"ydispName\":\"rid\",\"col_name\":\"count(rid)\",\"aggre\":\"count\",\"fmt\":\"#,###\",\"alias\":\"rid\",\"unit\":\"\",\"rate\":null,\"tname\":\"d3_dm_logs\",\"calc\":0},{\"kpi_id\":231,\"kpi_name\":\"rid+10\",\"ydispName\":\"rid+10\",\"col_name\":\"count(rid) + 10\",\"aggre\":\"sum\",\"fmt\":\"\",\"alias\":\"rid2\",\"unit\":\"\",\"rate\":null,\"tname\":\"\",\"calc\":1,\"mergeData\":\"true\"},null],\"cubeId\":\"1\",\"dsetId\":\"e2112ac3b46649b5946f17e8909252f7\",\"dsid\":\"06b7c1cfc4d819f7c179a419112cf398\",\"style\":{}}]}]},\"selectDs\":\"1\",\"id\":\"a4c1fb0357e242d782682701da18b28c\"}','2017-06-18 17:55:34','2017-06-18 16:46:48','a4c1fb0357e242d782682701da18b28c','test2',NULL,NULL);
/*!40000 ALTER TABLE `portal_user_save` ENABLE KEYS */;
UNLOCK TABLES;

--
-- Table structure for table `report_collect`
--

DROP TABLE IF EXISTS `report_collect`;
/*!40101 SET @saved_cs_client     = @@character_set_client */;
/*!40101 SET character_set_client = utf8 */;
CREATE TABLE `report_collect` (
  `report_id` varchar(50) DEFAULT NULL,
  `user_id` int(11) DEFAULT NULL,
  `crtdate` datetime DEFAULT NULL
) ENGINE=InnoDB DEFAULT CHARSET=utf8 COMMENT='报表收藏夹';
/*!40101 SET character_set_client = @saved_cs_client */;

--
-- Dumping data for table `report_collect`
--

LOCK TABLES `report_collect` WRITE;
/*!40000 ALTER TABLE `report_collect` DISABLE KEYS */;
INSERT INTO `report_collect` VALUES ('b9fb70edf25f4ecab7b1714fe6461d8d',1,'2017-05-07 17:14:11'),('594b86a0375b4e78926947dd68e5f99c',1,'2017-05-07 17:16:56');
/*!40000 ALTER TABLE `report_collect` ENABLE KEYS */;
UNLOCK TABLES;

--
-- Table structure for table `role_data_rela`
--

DROP TABLE IF EXISTS `role_data_rela`;
/*!40101 SET @saved_cs_client     = @@character_set_client */;
/*!40101 SET character_set_client = utf8 */;
CREATE TABLE `role_data_rela` (
  `role_id` int(11) NOT NULL DEFAULT '0',
  `data_id` int(11) DEFAULT NULL
) ENGINE=InnoDB DEFAULT CHARSET=utf8;
/*!40101 SET character_set_client = @saved_cs_client */;

--
-- Dumping data for table `role_data_rela`
--

LOCK TABLES `role_data_rela` WRITE;
/*!40000 ALTER TABLE `role_data_rela` DISABLE KEYS */;
INSERT INTO `role_data_rela` VALUES (2,41),(2,37),(2,49),(2,50);
/*!40000 ALTER TABLE `role_data_rela` ENABLE KEYS */;
UNLOCK TABLES;

--
-- Table structure for table `role_menu_rela`
--

DROP TABLE IF EXISTS `role_menu_rela`;
/*!40101 SET @saved_cs_client     = @@character_set_client */;
/*!40101 SET character_set_client = utf8 */;
CREATE TABLE `role_menu_rela` (
  `MENU_ID` bigint(11) NOT NULL,
  `ROLE_ID` varchar(255) NOT NULL,
  PRIMARY KEY (`MENU_ID`,`ROLE_ID`)
) ENGINE=InnoDB DEFAULT CHARSET=utf8;
/*!40101 SET character_set_client = @saved_cs_client */;

--
-- Dumping data for table `role_menu_rela`
--

LOCK TABLES `role_menu_rela` WRITE;
/*!40000 ALTER TABLE `role_menu_rela` DISABLE KEYS */;
INSERT INTO `role_menu_rela` VALUES (1,'1'),(2,'1'),(3,'1'),(4,'1'),(40,'1'),(40,'2'),(53,'1'),(53,'2'),(62,'1'),(62,'2'),(84,'1'),(84,'2'),(85,'1'),(85,'2'),(86,'1'),(86,'2'),(87,'1'),(87,'2'),(88,'1'),(88,'2');
/*!40000 ALTER TABLE `role_menu_rela` ENABLE KEYS */;
UNLOCK TABLES;

--
-- Table structure for table `role_user_rela`
--

DROP TABLE IF EXISTS `role_user_rela`;
/*!40101 SET @saved_cs_client     = @@character_set_client */;
/*!40101 SET character_set_client = utf8 */;
CREATE TABLE `role_user_rela` (
  `ROLE_ID` bigint(11) NOT NULL,
  `USER_ID` varchar(255) NOT NULL,
  PRIMARY KEY (`ROLE_ID`,`USER_ID`)
) ENGINE=InnoDB DEFAULT CHARSET=utf8;
/*!40101 SET character_set_client = @saved_cs_client */;

--
-- Dumping data for table `role_user_rela`
--

LOCK TABLES `role_user_rela` WRITE;
/*!40000 ALTER TABLE `role_user_rela` DISABLE KEYS */;
INSERT INTO `role_user_rela` VALUES (1,'1'),(2,'3');
/*!40000 ALTER TABLE `role_user_rela` ENABLE KEYS */;
UNLOCK TABLES;

--
-- Table structure for table `sc_app_token`
--

DROP TABLE IF EXISTS `sc_app_token`;
/*!40101 SET @saved_cs_client     = @@character_set_client */;
/*!40101 SET character_set_client = utf8 */;
CREATE TABLE `sc_app_token` (
  `user_id` int(11) DEFAULT NULL,
  `token` varchar(255) NOT NULL DEFAULT '',
  `crtdate` datetime DEFAULT NULL,
  `channel_id` varchar(60) DEFAULT NULL,
  PRIMARY KEY (`token`)
) ENGINE=InnoDB DEFAULT CHARSET=utf8 ROW_FORMAT=COMPACT COMMENT='储存app 端的 token';
/*!40101 SET character_set_client = @saved_cs_client */;

--
-- Dumping data for table `sc_app_token`
--

LOCK TABLES `sc_app_token` WRITE;
/*!40000 ALTER TABLE `sc_app_token` DISABLE KEYS */;
INSERT INTO `sc_app_token` VALUES (1,'44aebdcc3791235d9eb0ba2228fcd7cf','2017-05-07 17:15:42',NULL),(1,'6e140fdccddf7d6d7fc10cf00897e0ec','2017-05-07 17:09:34',NULL),(1,'787feb3f2cce518ee4f5d37acdd80c82','2017-05-07 16:53:17','5296164030253079339'),(1,'b50208bb9537de3b84e642c8b71918a4','2017-05-07 16:53:46','5296164030253079339'),(1,'f81f8a7eba7ad9bf43c9bea24680f9bf','2017-05-07 17:09:50',NULL);
/*!40000 ALTER TABLE `sc_app_token` ENABLE KEYS */;
UNLOCK TABLES;

--
-- Table structure for table `sc_login_user`
--

DROP TABLE IF EXISTS `sc_login_user`;
/*!40101 SET @saved_cs_client     = @@character_set_client */;
/*!40101 SET character_set_client = utf8 */;
CREATE TABLE `sc_login_user` (
  `USER_ID` int(11) NOT NULL DEFAULT '0',
  `LOGIN_NAME` varchar(200) DEFAULT NULL,
  `PASSWORD` varchar(40) DEFAULT NULL,
  `GENDER` varchar(10) DEFAULT NULL,
  `EMAIL` varchar(100) DEFAULT NULL,
  `LOG_DATE` datetime DEFAULT NULL,
  `SITE_ID` bigint(11) DEFAULT NULL,
  `STAFF_ID` varchar(30) DEFAULT NULL,
  `STATE` varchar(1) DEFAULT NULL,
  `DATE_START` datetime DEFAULT NULL,
  `DATE_END` datetime DEFAULT NULL,
  `LOG_CNT` bigint(11) DEFAULT '0',
  `OFFICETEL` varchar(20) DEFAULT NULL,
  `MOBILEPHONE` varchar(20) DEFAULT NULL,
  `policy` int(11) DEFAULT NULL COMMENT '是否决策者',
  `dept_id` int(11) DEFAULT NULL,
  `channel_id` varchar(60) DEFAULT NULL COMMENT '设备ID',
  `space_size` int(9) DEFAULT NULL COMMENT '单位MB',
  PRIMARY KEY (`USER_ID`)
) ENGINE=InnoDB DEFAULT CHARSET=utf8;
/*!40101 SET character_set_client = @saved_cs_client */;

--
-- Dumping data for table `sc_login_user`
--

LOCK TABLES `sc_login_user` WRITE;
/*!40000 ALTER TABLE `sc_login_user` DISABLE KEYS */;
INSERT INTO `sc_login_user` VALUES (1,'系统管理员','e10adc3949ba59abbe56e057f20f883e','男','','2017-06-18 18:05:26',3,'admin','1','2013-01-01 00:00:00','2019-01-01 00:00:00',1402,'','',0,4,NULL,100000),(3,'测试账号','e10adc3949ba59abbe56e057f20f883e','男','','2017-03-27 16:03:33',3,'test','1','2016-07-21 10:04:20','2019-07-21 10:04:20',315,'','',0,0,NULL,100);
/*!40000 ALTER TABLE `sc_login_user` ENABLE KEYS */;
UNLOCK TABLES;

--
-- Table structure for table `sc_menu`
--

DROP TABLE IF EXISTS `sc_menu`;
/*!40101 SET @saved_cs_client     = @@character_set_client */;
/*!40101 SET character_set_client = utf8 */;
CREATE TABLE `sc_menu` (
  `MENU_ID` bigint(11) NOT NULL DEFAULT '0',
  `MENU_PID` bigint(11) DEFAULT NULL,
  `MENU_NAME` varchar(50) DEFAULT NULL,
  `MENU_DESC` varchar(200) DEFAULT NULL,
  `MENU_DATE` datetime DEFAULT NULL,
  `MENU_ORDER` bigint(11) DEFAULT NULL,
  `MENU_URL` varchar(200) DEFAULT NULL,
  `ROOT_LINK` int(6) DEFAULT NULL,
  PRIMARY KEY (`MENU_ID`)
) ENGINE=InnoDB DEFAULT CHARSET=utf8;
/*!40101 SET character_set_client = @saved_cs_client */;

--
-- Dumping data for table `sc_menu`
--

LOCK TABLES `sc_menu` WRITE;
/*!40000 ALTER TABLE `sc_menu` DISABLE KEYS */;
INSERT INTO `sc_menu` VALUES (1,0,'权限管理','','2015-12-13 14:51:26',100,'../frame/Frame3!syspage.action?defaultId=1',NULL),(2,1,'用户管理','','2015-05-20 08:52:50',2,'../control/extControl?serviceid=frame.User',NULL),(3,1,'角色管理','','2015-05-20 08:52:53',3,'../control/extControl?serviceid=frame.Role&methodId=list',NULL),(4,1,'菜单管理','','2015-05-20 08:53:00',4,'../control/extControl?serviceid=frame.Menu',NULL),(40,0,'数据报表','','2016-12-13 17:32:10',10,'../portal/PortalIndex.action',1),(53,0,'数据建模','','2017-04-23 16:38:25',-3,'../model/ModelIndex.action',NULL),(62,0,'移动BI','','2017-05-01 18:23:46',50,'../frame/Frame3!syspage.action?defaultId=62',NULL),(84,62,'移动bi说明','介绍移动BI相关功能，并帮组你正确使用移动BI。','2017-05-01 18:24:09',1,'../mobile/MbIntro.action',NULL),(85,62,'分类管理','管理手机端报表的分类，您可以在这里创建、编辑、删除手机报表分类。','2017-05-07 12:09:30',2,'../m/MobReportType.action',NULL),(86,62,'创建手机报表','创建一个在手机端访问的报表。','2016-08-10 14:35:45',3,'../portal/PortalIndex!customization.action?is3g=y&menus={print:0,export:0}',NULL),(87,62,'手机报表管理','管理已创建的手机端报表, 可以进行删除及修改操作。','2017-05-07 12:27:21',4,'../m/PushManager.action',NULL),(88,0,'多维分析','','2017-05-14 17:33:21',20,'../bireport/ReportDesign.action',NULL);
/*!40000 ALTER TABLE `sc_menu` ENABLE KEYS */;
UNLOCK TABLES;

--
-- Table structure for table `sc_role`
--

DROP TABLE IF EXISTS `sc_role`;
/*!40101 SET @saved_cs_client     = @@character_set_client */;
/*!40101 SET character_set_client = utf8 */;
CREATE TABLE `sc_role` (
  `ROLE_ID` bigint(11) NOT NULL AUTO_INCREMENT,
  `ROLE_NAME` varchar(50) DEFAULT NULL,
  `ROLE_DESC` varchar(255) DEFAULT NULL,
  `CREATE_DATE` datetime DEFAULT NULL,
  `CREATE_USER` varchar(35) DEFAULT NULL,
  `ORD` bigint(11) DEFAULT NULL,
  PRIMARY KEY (`ROLE_ID`)
) ENGINE=InnoDB AUTO_INCREMENT=3 DEFAULT CHARSET=utf8;
/*!40101 SET character_set_client = @saved_cs_client */;

--
-- Dumping data for table `sc_role`
--

LOCK TABLES `sc_role` WRITE;
/*!40000 ALTER TABLE `sc_role` DISABLE KEYS */;
INSERT INTO `sc_role` VALUES (1,'管理员',NULL,NULL,NULL,1),(2,'客户人员','客户人员','2015-08-19 16:12:39','admin',2);
/*!40000 ALTER TABLE `sc_role` ENABLE KEYS */;
UNLOCK TABLES;

--
-- Table structure for table `user_data_rela`
--

DROP TABLE IF EXISTS `user_data_rela`;
/*!40101 SET @saved_cs_client     = @@character_set_client */;
/*!40101 SET character_set_client = utf8 */;
CREATE TABLE `user_data_rela` (
  `user_id` int(11) DEFAULT NULL,
  `data_id` int(11) DEFAULT NULL
) ENGINE=InnoDB DEFAULT CHARSET=utf8;
/*!40101 SET character_set_client = @saved_cs_client */;

--
-- Dumping data for table `user_data_rela`
--

LOCK TABLES `user_data_rela` WRITE;
/*!40000 ALTER TABLE `user_data_rela` DISABLE KEYS */;
INSERT INTO `user_data_rela` VALUES (3,43),(3,42);
/*!40000 ALTER TABLE `user_data_rela` ENABLE KEYS */;
UNLOCK TABLES;

--
-- Table structure for table `user_menu_rela`
--

DROP TABLE IF EXISTS `user_menu_rela`;
/*!40101 SET @saved_cs_client     = @@character_set_client */;
/*!40101 SET character_set_client = utf8 */;
CREATE TABLE `user_menu_rela` (
  `MENU_ID` bigint(11) NOT NULL,
  `USER_ID` bigint(11) NOT NULL,
  PRIMARY KEY (`MENU_ID`,`USER_ID`)
) ENGINE=InnoDB DEFAULT CHARSET=utf8;
/*!40101 SET character_set_client = @saved_cs_client */;

--
-- Dumping data for table `user_menu_rela`
--

LOCK TABLES `user_menu_rela` WRITE;
/*!40000 ALTER TABLE `user_menu_rela` DISABLE KEYS */;
/*!40000 ALTER TABLE `user_menu_rela` ENABLE KEYS */;
UNLOCK TABLES;
/*!40103 SET TIME_ZONE=@OLD_TIME_ZONE */;

/*!40101 SET SQL_MODE=@OLD_SQL_MODE */;
/*!40014 SET FOREIGN_KEY_CHECKS=@OLD_FOREIGN_KEY_CHECKS */;
/*!40014 SET UNIQUE_CHECKS=@OLD_UNIQUE_CHECKS */;
/*!40101 SET CHARACTER_SET_CLIENT=@OLD_CHARACTER_SET_CLIENT */;
/*!40101 SET CHARACTER_SET_RESULTS=@OLD_CHARACTER_SET_RESULTS */;
/*!40101 SET COLLATION_CONNECTION=@OLD_COLLATION_CONNECTION */;
/*!40111 SET SQL_NOTES=@OLD_SQL_NOTES */;

-- Dump completed on 2017-06-18 18:29:17
